LOGID,Run,Total Transactions,Transactions Per Minute
pg_vu100_wh50_mc1000_sb4GB_wb128,1,,
pg_vu100_wh50_mc1000_sb4GB_wb128,2,,
pg_vu100_wh50_mc1000_sb4GB_wb128,3,,
pg_vu100_wh50_mc1000_sb4GB_wb128,4,,
pg_vu100_wh50_mc1000_sb4GB_wb128,5,,
pg_vu100_wh100_mc1000_sb4GB_wb128,1,,
pg_vu100_wh100_mc1000_sb4GB_wb128,2,,
pg_vu100_wh100_mc1000_sb4GB_wb128,3,,
pg_vu100_wh100_mc1000_sb4GB_wb128,4,,
pg_vu100_wh100_mc1000_sb4GB_wb128,5,,
pg_vu100_wh150_mc1000_sb4GB_wb128,1,,
pg_vu100_wh150_mc1000_sb4GB_wb128,2,,
pg_vu100_wh150_mc1000_sb4GB_wb128,3,,
pg_vu100_wh150_mc1000_sb4GB_wb128,4,,
pg_vu100_wh150_mc1000_sb4GB_wb128,5,,
pg_vu150_wh50_mc1000_sb4GB_wb128,1,,
pg_vu150_wh50_mc1000_sb4GB_wb128,2,,
pg_vu150_wh50_mc1000_sb4GB_wb128,3,,
pg_vu150_wh50_mc1000_sb4GB_wb128,4,,
pg_vu150_wh50_mc1000_sb4GB_wb128,5,,
pg_vu200_wh50_mc1000_sb4GB_wb128,1,,
pg_vu200_wh50_mc1000_sb4GB_wb128,2,,
pg_vu200_wh50_mc1000_sb4GB_wb128,3,,
pg_vu200_wh50_mc1000_sb4GB_wb128,4,,
pg_vu200_wh50_mc1000_sb4GB_wb128,5,,
pg_vu100_wh50_mc1000_sb8GB_wb128,1,,
pg_vu100_wh50_mc1000_sb8GB_wb128,2,,
pg_vu100_wh50_mc1000_sb8GB_wb128,3,,
pg_vu100_wh50_mc1000_sb8GB_wb128,4,,
pg_vu100_wh50_mc1000_sb8GB_wb128,5,,
pg_vu100_wh50_mc1000_sb4GB_wb256,1,,
pg_vu100_wh50_mc1000_sb4GB_wb256,2,,
pg_vu100_wh50_mc1000_sb4GB_wb256,3,,
pg_vu100_wh50_mc1000_sb4GB_wb256,4,,
pg_vu100_wh50_mc1000_sb4GB_wb256,5,,
